{
  "prediction_file": "data/loan_decisions.csv",
  "labels_file": "data/shared/splits/stratified/test.csv",
  "rows": 1422,
  "missing_predictions": 0,
  "confusion_matrix": {
    "tp": 405,
    "fp": 765,
    "tn": 159,
    "fn": 93
  },
  "metrics": {
    "accuracy": 0.39662447257383965,
    "precision_reject": 0.34615384615384615,
    "recall_default": 0.8132530120481928,
    "f1": 0.4856115107913669,
    "reject_rate": 0.8227848101265823,
    "approval_bad_rate": 0.36904761904761907,
    "default_rate": 0.350210970464135,
    "lift": 0.9884151992585727
  }
}