{
  "prediction_file": "data\\gpt5.2_predictions_desc_first.json",
  "labels_file": "output\\llm_two_stage_subset_full_06b\\data\\test_full.csv",
  "rows": 919,
  "confusion_matrix": {
    "tp": 117,
    "fp": 205,
    "tn": 407,
    "fn": 190
  },
  "metrics": {
    "accuracy": 0.5701849836779108,
    "precision_reject": 0.36335403726708076,
    "recall_default": 0.3811074918566775,
    "f1": 0.37201907790143085,
    "reject_rate": 0.35038084874863984,
    "approval_bad_rate": 0.31825795644891125,
    "default_rate": 0.3340587595212187,
    "lift": 1.0876949845226294
  }
}